,pubDate,title,description,link,geo:lat,geo:long
0,"Sat, 04 Nov 2023 09:45:11 +1100","208, Aberdeen Fire Station","20 Moray St, Aberdeen NSW 2336",https://www.fire.nsw.gov.au/page.php?id=9210&station=1,-32.1634444097505,150.890079003099
1,"Sat, 04 Nov 2023 09:45:11 +1100","202, Abermain Fire Station","Cnr Cessnock Road & Charles Street, Abermain NSW 2326",https://www.fire.nsw.gov.au/page.php?id=9210&station=2,-32.811131,151.43185
2,"Sat, 04 Nov 2023 09:45:11 +1100","207, Albion Park Fire Station","3 Russell Street, Albion Park NSW 2527",https://www.fire.nsw.gov.au/page.php?id=9210&station=3,-34.572809,150.774547
3,"Sat, 04 Nov 2023 09:45:11 +1100","203, Albury Central Fire Station","817 - 821 Mate Street, Albury Central (Albury North) NSW 2640",https://www.fire.nsw.gov.au/page.php?id=9210&station=4,-36.065825,146.930701
4,"Sat, 04 Nov 2023 09:45:11 +1100","209, Albury Civic Fire Station","565 Kiewa Street, Albury Civic NSW 2640",https://www.fire.nsw.gov.au/page.php?id=9210&station=5,-36.077125,146.915934
5,"Sat, 04 Nov 2023 09:45:11 +1100","206, North Albury Fire Station","596 Nagle Road, Lavington NSW 2641",https://www.fire.nsw.gov.au/page.php?id=9210&station=6,-36.0350842130269,146.957287788391
6,"Sat, 04 Nov 2023 09:45:11 +1100","013, Alexandria Fire Station","179 Wyndham Street, Alexandria NSW 2015",https://www.fire.nsw.gov.au/page.php?id=9210&station=7,-33.904962,151.201189
7,"Sat, 04 Nov 2023 09:45:11 +1100","204, Alstonville Fire Station","1 Mellis Circuit, Alstonville NSW 2477",https://www.fire.nsw.gov.au/page.php?id=9210&station=8,-28.844215,153.440281
8,"Sat, 04 Nov 2023 09:45:11 +1100","205, Armidale Fire Station","66 Barney Street, Armidale NSW 2350",https://www.fire.nsw.gov.au/page.php?id=9210&station=9,-30.517846,151.668326
9,"Sat, 04 Nov 2023 09:45:11 +1100","029, Arncliffe Fire Station","100-106 West Botany Street, Arncliffe NSW 2205",https://www.fire.nsw.gov.au/page.php?id=9210&station=10,-33.939925,151.151639
10,"Sat, 04 Nov 2023 09:45:11 +1100","014, Ashfield Fire Station","16 Victoria Street, Ashfield NSW 2131",https://www.fire.nsw.gov.au/page.php?id=9210&station=11,-33.891326,151.130344
11,"Sat, 04 Nov 2023 09:45:11 +1100","060, Avalon Fire Station","689 Old Barrenjoey  Road, Avalon NSW 2107",https://www.fire.nsw.gov.au/page.php?id=9210&station=12,-33.634292,151.330114
12,"Sat, 04 Nov 2023 09:45:11 +1100","210, Balgownie Fire Station","117 Balgownie Road, Balgownie NSW 2519",https://www.fire.nsw.gov.au/page.php?id=9210&station=13,-34.388993,150.879056
13,"Sat, 04 Nov 2023 09:45:11 +1100","211, Ballina Fire Station","60 Tamarind Drive, Ballina NSW 2478",https://www.fire.nsw.gov.au/page.php?id=9210&station=14,-28.85301,153.556765
14,"Sat, 04 Nov 2023 09:45:11 +1100","012, Balmain Fire Station","391 Darling Street, Balmain NSW 2041",https://www.fire.nsw.gov.au/page.php?id=9210&station=15,-33.856012,151.177029
15,"Sat, 04 Nov 2023 09:45:11 +1100","212, Balranald Fire Station","123 Market Street, Balranald NSW 2715",https://www.fire.nsw.gov.au/page.php?id=9210&station=16,-34.637693,143.561126
16,"Sat, 04 Nov 2023 09:45:11 +1100","213, Bangalow Fire Station","56 Byron Street, Bangalow NSW 2479",https://www.fire.nsw.gov.au/page.php?id=9210&station=17,-28.686724,153.524186
17,"Sat, 04 Nov 2023 09:45:11 +1100","062, Bankstown Fire Station","353 Liverpool Road, Bankstown NSW 2200",https://www.fire.nsw.gov.au/page.php?id=9210&station=18,-33.90759,151.03393
18,"Sat, 04 Nov 2023 09:45:11 +1100","214, Barham Fire Station","40 Wakool Street, Barham NSW 2732",https://www.fire.nsw.gov.au/page.php?id=9210&station=19,-35.627959,144.129771
19,"Sat, 04 Nov 2023 09:45:11 +1100","215, Barraba Fire Station","73 Henry Street, Barraba NSW 2347",https://www.fire.nsw.gov.au/page.php?id=9210&station=20,-30.383686,150.600972
20,"Sat, 04 Nov 2023 09:45:11 +1100","351, Bateau Bay Fire Station","4 Community Drive, Bateau Bay NSW 2261",https://www.fire.nsw.gov.au/page.php?id=9210&station=21,-33.372574,151.473096
21,"Sat, 04 Nov 2023 09:45:11 +1100","217, Batemans Bay Fire Station","1 Heradale Parade, Batemans Bay NSW 2536",https://www.fire.nsw.gov.au/page.php?id=9210&station=22,-35.713301,150.183705
22,"Sat, 04 Nov 2023 09:45:11 +1100","216, Bathurst Fire Station","56 Suttor Street, Bathurst NSW 2795",https://www.fire.nsw.gov.au/page.php?id=9210&station=23,-33.4120163410196,149.555878937244
23,"Sat, 04 Nov 2023 09:45:11 +1100","218, Batlow Fire Station","32 Mill Road, Batlow NSW 2730",https://www.fire.nsw.gov.au/page.php?id=9210&station=24,-35.5235864,148.1491048
24,"Sat, 04 Nov 2023 09:45:11 +1100","058, Beecroft Fire Station","109 Beecroft Road, Beecroft NSW 2119",https://www.fire.nsw.gov.au/page.php?id=9210&station=25,-33.750685,151.065238
25,"Sat, 04 Nov 2023 09:45:11 +1100","219, Bega Fire Station","114 Gipps Street, Bega NSW 2550",https://www.fire.nsw.gov.au/page.php?id=9210&station=26,-36.676846,149.843073
26,"Sat, 04 Nov 2023 09:45:11 +1100","220, Bellbird Fire Station","44 Ruby Street, Bellbird NSW 2325",https://www.fire.nsw.gov.au/page.php?id=9210&station=27,-32.855278,151.321061
27,"Sat, 04 Nov 2023 09:45:11 +1100","221, Bellingen Fire Station","22 Hyde Street, Bellingen NSW 2454",https://www.fire.nsw.gov.au/page.php?id=9210&station=28,-30.452862,152.899589
28,"Sat, 04 Nov 2023 09:45:11 +1100","222, Belmont Fire Station","635 Pacific Highway, Belmont NSW 2280",https://www.fire.nsw.gov.au/page.php?id=9210&station=29,-33.038055,151.659789
29,"Sat, 04 Nov 2023 09:45:11 +1100","228, Berkeley Vale Fire Station","8 Craftsman Avenue, Berkeley Vale NSW 2261",https://www.fire.nsw.gov.au/page.php?id=9210&station=30,-33.327587,151.423069
30,"Sat, 04 Nov 2023 09:45:11 +1100","075, Berowra Fire Station","9 Berowra Waters Road, Berowra NSW 2081",https://www.fire.nsw.gov.au/page.php?id=9210&station=31,-33.623918,151.15024
31,"Sat, 04 Nov 2023 09:45:11 +1100","223, Berrigan Fire Station","7 Cobram Road, Berrigan NSW 2712",https://www.fire.nsw.gov.au/page.php?id=9210&station=32,-35.65816,145.809197
32,"Sat, 04 Nov 2023 09:45:11 +1100","224, Berry Fire Station","26 Prince Alfred Street, Berry NSW 2535",https://www.fire.nsw.gov.au/page.php?id=9210&station=33,-34.776543,150.699077
33,"Sat, 04 Nov 2023 09:45:11 +1100","225, Bingara Fire Station","44 Finch Street, Bingara NSW 2404",https://www.fire.nsw.gov.au/page.php?id=9210&station=34,-29.867124,150.570417
34,"Sat, 04 Nov 2023 09:45:11 +1100","226, Blackheath Fire Station","223-225 Great Western Highway, Blackheath NSW 2785",https://www.fire.nsw.gov.au/page.php?id=9210&station=35,-33.636722,150.285236
35,"Sat, 04 Nov 2023 09:45:11 +1100","063, Blacktown Fire Station","222 Richmond Road, Woodcroft NSW 2767",https://www.fire.nsw.gov.au/page.php?id=9210&station=36,-33.752409,150.886982
36,"Sat, 04 Nov 2023 09:45:11 +1100","227, Blayney Fire Station","23 Church Street, Blaney NSW 2799",https://www.fire.nsw.gov.au/page.php?id=9210&station=37,-33.530104,149.25342
37,"Sat, 04 Nov 2023 09:45:11 +1100","229, Boggabri Fire Station","175 Merton Street, Boggabri NSW 2382",https://www.fire.nsw.gov.au/page.php?id=9210&station=38,-30.703128,150.044616
38,"Sat, 04 Nov 2023 09:45:11 +1100","230, Bombala Fire Station","182-184 Maybe Street, Bombala NSW 2632",https://www.fire.nsw.gov.au/page.php?id=9210&station=39,-36.912157,149.238869
39,"Sat, 04 Nov 2023 09:45:11 +1100","076, Bondi Fire Station","359 Old South Head Road, Bondi NSW 2026",https://www.fire.nsw.gov.au/page.php?id=9210&station=40,-33.882412,151.270084
40,"Sat, 04 Nov 2023 09:45:11 +1100","101, Bonnyrigg Heights Fire Station","70 Gloucester Street, Bonnyrigg Heights NSW 2177",https://www.fire.nsw.gov.au/page.php?id=9210&station=41,-33.889143,150.861481
41,"Sat, 04 Nov 2023 09:45:11 +1100","232, Boorowa Fire Station","70 Pudman Street, Boorowa NSW 2586",https://www.fire.nsw.gov.au/page.php?id=9210&station=43,-34.437036,148.723335
42,"Sat, 04 Nov 2023 09:45:11 +1100","035, Botany Fire Station","3 Banksia Street, Botany NSW 2019",https://www.fire.nsw.gov.au/page.php?id=9210&station=44,-33.944737,151.197445
43,"Sat, 04 Nov 2023 09:45:11 +1100","233, Bourke Fire Station","25 Mitchell Street, Bourke NSW 2840",https://www.fire.nsw.gov.au/page.php?id=9210&station=45,-30.088451,145.936657
44,"Sat, 04 Nov 2023 09:45:11 +1100","234, Bowral Fire Station","16 Merrigang Street, Bowral NSW 2576",https://www.fire.nsw.gov.au/page.php?id=9210&station=46,-34.477679,150.419458
45,"Sat, 04 Nov 2023 09:45:11 +1100","235, Bowraville Fire Station","55 High Street, Bowraville NSW 2449",https://www.fire.nsw.gov.au/page.php?id=9210&station=47,-30.648457,152.852737
46,"Sat, 04 Nov 2023 09:45:11 +1100","236, Braidwood Fire Station","13 Park Lane, Braidwood NSW 2622",https://www.fire.nsw.gov.au/page.php?id=9210&station=48,-35.442542,149.798822
47,"Sat, 04 Nov 2023 09:45:11 +1100","237, Branxton Greta Fire Station","2a Drinan Street, Branxton NSW 2335",https://www.fire.nsw.gov.au/page.php?id=9210&station=49,-32.658561,151.352245
48,"Sat, 04 Nov 2023 09:45:11 +1100","244, Brewarrina Fire Station","98 Bathurst Street, Brewarrina NSW 2839",https://www.fire.nsw.gov.au/page.php?id=9210&station=50,-29.961666,146.860093
49,"Sat, 04 Nov 2023 09:45:11 +1100","238, Broken Hill Fire Station","248 Blende Street, Broken Hill NSW 2880",https://www.fire.nsw.gov.au/page.php?id=9210&station=51,-31.957676,141.46355
50,"Sat, 04 Nov 2023 09:45:11 +1100","239, Broken Hill Sth Fire Station","151 Patton Street, Broken Hill NSW 2880",https://www.fire.nsw.gov.au/page.php?id=9210&station=52,-31.979569,141.46215
51,"Sat, 04 Nov 2023 09:45:11 +1100","240, Brunswick Heads Fire Station","4 Fingal Street, Brunswick Heads NSW 2483",https://www.fire.nsw.gov.au/page.php?id=9210&station=53,-28.541031,153.551964
52,"Sat, 04 Nov 2023 09:45:11 +1100","245, Budgewoi Fire Station","80 Scenic Drive, Budgewoi NSW 2262",https://www.fire.nsw.gov.au/page.php?id=9210&station=54,-33.234886,151.555541
53,"Sat, 04 Nov 2023 09:45:11 +1100","241, Bulli Fire Station","325-327 Princes Highway, Bulli NSW 2516",https://www.fire.nsw.gov.au/page.php?id=9210&station=55,-34.338713,150.909453
54,"Sat, 04 Nov 2023 09:45:11 +1100","242, Bundanoon Fire Station","15 Anzac Parade, Bundanoon NSW 2578",https://www.fire.nsw.gov.au/page.php?id=9210&station=56,-34.656637,150.297446
55,"Sat, 04 Nov 2023 09:45:11 +1100","080, Bundeena Fire Station","48 Bundeena Drive, Bundeena NSW 2230",https://www.fire.nsw.gov.au/page.php?id=9210&station=57,-34.084142,151.144662
56,"Sat, 04 Nov 2023 09:45:11 +1100","015, Burwood Fire Station","12b Livingstone Street, Burwood NSW 2134",https://www.fire.nsw.gov.au/page.php?id=9210&station=58,-33.880138,151.102183
57,"Sat, 04 Nov 2023 09:45:11 +1100","031, Busby Fire Station","101 Cartwright Avenue, Busby NSW 2168",https://www.fire.nsw.gov.au/page.php?id=9210&station=59,-33.918912,150.88452
58,"Sat, 04 Nov 2023 09:45:11 +1100","243, Byron Bay Fire Station","3 Kingsley Street, Byron Bay NSW 2481",https://www.fire.nsw.gov.au/page.php?id=9210&station=60,-28.647431,153.613338
59,"Sat, 04 Nov 2023 09:45:11 +1100","049, Cabramatta Fire Station","100 St Johns Rd, Cabramatta NSW 2166",https://www.fire.nsw.gov.au/page.php?id=9210&station=61,-33.888568,150.923161
60,"Sat, 04 Nov 2023 09:45:11 +1100","248, Camden Fire Station","129 Macarthur Road, Camden (Elderslie) NSW 2570",https://www.fire.nsw.gov.au/page.php?id=9210&station=62,-34.064581,150.711477
61,"Sat, 04 Nov 2023 09:45:11 +1100","088, Campbelltown Fire Station","66 Broughton Street, Campbeltown NSW 2560",https://www.fire.nsw.gov.au/page.php?id=9210&station=63,-34.066921,150.820235
62,"Sat, 04 Nov 2023 09:45:11 +1100","052, Campsie Fire Station","294 - 296 Beamish Street, Campsie NSW 2194",https://www.fire.nsw.gov.au/page.php?id=9210&station=64,-33.91451,151.103805
63,"Sat, 04 Nov 2023 09:45:11 +1100","250, Canowindra Fire Station","17 Ryall Street, Canowindra NSW 2804",https://www.fire.nsw.gov.au/page.php?id=9210&station=65,-33.562438,148.661702
64,"Sat, 04 Nov 2023 09:45:11 +1100","251, Cardiff Fire Station","18 Taylor Street, Cardiff NSW 2285",https://www.fire.nsw.gov.au/page.php?id=9210&station=66,-32.937691,151.658508
65,"Sat, 04 Nov 2023 09:45:11 +1100","252, Carrington Fire Station","49 - 51 Young Street, Carrington NSW 2294",https://www.fire.nsw.gov.au/page.php?id=9210&station=67,-32.912472,151.764601
66,"Sat, 04 Nov 2023 09:45:11 +1100","253, Casino Fire Station","43 Hickey Street, Casino NSW 2470",https://www.fire.nsw.gov.au/page.php?id=9210&station=68,-28.862981,153.051414
67,"Sat, 04 Nov 2023 09:45:11 +1100","071, Castle Hill Fire Station","380 Old Northern Road, Castle Hill NSW 2154",https://www.fire.nsw.gov.au/page.php?id=9210&station=69,-33.717588867066,151.018849611282
68,"Sat, 04 Nov 2023 09:45:11 +1100","254, Cessnock Fire Station","4 Edward Street, Cessnock NSW 2325",https://www.fire.nsw.gov.au/page.php?id=9210&station=70,-32.833453,151.357357
69,"Sat, 04 Nov 2023 09:45:11 +1100","255, Charlestown Fire Station","3 Charles Street, Charlestown NSW 2290",https://www.fire.nsw.gov.au/page.php?id=9210&station=71,-32.9673251855748,151.696147620678
70,"Sat, 04 Nov 2023 09:45:11 +1100","085, Chester Hill Fire Station","163 Waldron Road, Chester Hill NSW 2162",https://www.fire.nsw.gov.au/page.php?id=9210&station=72,-33.88232,150.99469
71,"Sat, 04 Nov 2023 09:45:11 +1100","001, City Of Sydney Fire Station","211-217 Castlereagh Street, Sydney NSW 2000",https://www.fire.nsw.gov.au/page.php?id=9210&station=73,-33.875049,151.208716
72,"Sat, 04 Nov 2023 09:45:11 +1100","256, Cobar Fire Station","39 Barton Street, Cobar NSW 2835",https://www.fire.nsw.gov.au/page.php?id=9210&station=74,-31.499281,145.835729
73,"Sat, 04 Nov 2023 09:45:11 +1100","257, Coffs Harbour Fire Station","9-11 Market Street, Coffs Harbour NSW 2450",https://www.fire.nsw.gov.au/page.php?id=9210&station=75,-30.299872,153.113178
74,"Sat, 04 Nov 2023 09:45:11 +1100","258, Coledale Fire Station","759 Lawrence Hargrave Drive, Coledale NSW 2513",https://www.fire.nsw.gov.au/page.php?id=9210&station=76,-34.292758,150.944573
75,"Sat, 04 Nov 2023 09:45:11 +1100","016, Concord Fire Station","153 Concord Road, Concord (North Strathfield) NSW 2137",https://www.fire.nsw.gov.au/page.php?id=9210&station=77,-33.858493,151.092469
76,"Sat, 04 Nov 2023 09:45:11 +1100","259, Condobolin Fire Station","26 Marsden Street, Condobolin NSW 2877",https://www.fire.nsw.gov.au/page.php?id=9210&station=78,-33.088742,147.150815
77,"Sat, 04 Nov 2023 09:45:11 +1100","261, Coolah Fire Station","33 Booyamurra Street, Coolah NSW 2843",https://www.fire.nsw.gov.au/page.php?id=9210&station=79,-31.825199,149.717214
78,"Sat, 04 Nov 2023 09:45:11 +1100","262, Coolamon Fire Station","67 Bruce Street, Coolamon NSW 2701",https://www.fire.nsw.gov.au/page.php?id=9210&station=80,-34.8134496562786,147.202973352741
79,"Sat, 04 Nov 2023 09:45:11 +1100","263, Cooma Fire Station","84 Massie Street, Cooma NSW 2630",https://www.fire.nsw.gov.au/page.php?id=9210&station=81,-36.235439,149.122733
80,"Sat, 04 Nov 2023 09:45:11 +1100","264, Coonabarabran Fire Station","64 Cassilis Street, Coonabarabran NSW 2357",https://www.fire.nsw.gov.au/page.php?id=9210&station=82,-31.2754,149.279055
81,"Sat, 04 Nov 2023 09:45:11 +1100","265, Coonamble Fire Station","95 Castlereagh Street, Coonamble NSW 2829",https://www.fire.nsw.gov.au/page.php?id=9210&station=83,-30.955708,148.389251
82,"Sat, 04 Nov 2023 09:45:11 +1100","266, Cootamundra Fire Station","14 - 16 Adams Street, Cootamundra NSW 2590",https://www.fire.nsw.gov.au/page.php?id=9210&station=84,-34.635976,148.027989
83,"Sat, 04 Nov 2023 09:45:11 +1100","267, Coraki Fire Station","16 Adams Street, Coraki NSW 2471",https://www.fire.nsw.gov.au/page.php?id=9210&station=85,-28.991091,153.286133
84,"Sat, 04 Nov 2023 09:45:11 +1100","268, Corowa Fire Station","57 Riesling Street, Corowa NSW 2646",https://www.fire.nsw.gov.au/page.php?id=9210&station=86,-35.996387,146.392321
85,"Sat, 04 Nov 2023 09:45:11 +1100","269, Corrimal Fire Station","120 Princes Highway, Corrimal NSW 2518",https://www.fire.nsw.gov.au/page.php?id=9210&station=87,-34.368874,150.89811
86,"Sat, 04 Nov 2023 09:45:11 +1100","270, Cowra Fire Station","124 Kendall Street, Cowra NSW 2794",https://www.fire.nsw.gov.au/page.php?id=9210&station=88,-33.834842,148.694268
87,"Sat, 04 Nov 2023 09:45:11 +1100","098, Cranebrook Fire Station","137 - 139 Vincent Road, Cranebrook NSW 2479",https://www.fire.nsw.gov.au/page.php?id=9210&station=89,-33.703391,150.708767
88,"Sat, 04 Nov 2023 09:45:11 +1100","054, Cronulla Fire Station","91 The Kingsway, Cronulla NSW 2230",https://www.fire.nsw.gov.au/page.php?id=9210&station=90,-34.049627,151.147572
89,"Sat, 04 Nov 2023 09:45:11 +1100","271, Crookwell Fire Station","155 Goulburn Street, Crookwell NSW 2583",https://www.fire.nsw.gov.au/page.php?id=9210&station=91,-34.459398,149.471241
90,"Sat, 04 Nov 2023 09:45:11 +1100","036, Crows Nest Fire Station","99 Shirley Road, Crows Nest NSW 2065",https://www.fire.nsw.gov.au/page.php?id=9210&station=92,-33.828192,151.199986
91,"Sat, 04 Nov 2023 09:45:11 +1100","272, Culcairn Fire Station","5 Black Street, Culcairn NSW 2660",https://www.fire.nsw.gov.au/page.php?id=9210&station=93,-35.665678,147.035905
92,"Sat, 04 Nov 2023 09:45:11 +1100","277, Dapto Fire Station","88 Byamee Street, Dapto NSW 2530",https://www.fire.nsw.gov.au/page.php?id=9210&station=94,-34.495154,150.797438
93,"Sat, 04 Nov 2023 09:45:11 +1100","004, Darlinghurst Fire Station","100-102 Victoria Street, Darlinghurst NSW 2010",https://www.fire.nsw.gov.au/page.php?id=9210&station=95,-33.876197,151.222171
94,"Sat, 04 Nov 2023 09:45:11 +1100","069, Dee Why Fire Station","38 Fisher Road, Dee Why NSW 2099",https://www.fire.nsw.gov.au/page.php?id=9210&station=96,-33.75183,151.28479
95,"Sat, 04 Nov 2023 09:45:11 +1100","284, Delroy Fire Station","15 Whylandra Street, Delroy (Dubbo) NSW 2830",https://www.fire.nsw.gov.au/page.php?id=9210&station=97,-32.244263,148.595537
96,"Sat, 04 Nov 2023 09:45:11 +1100","278, Deniliquin Fire Station","264 George Street, Deniliquin NSW 2710",https://www.fire.nsw.gov.au/page.php?id=9210&station=98,-35.529164,144.964567
97,"Sat, 04 Nov 2023 09:45:11 +1100","283, Denman Fire Station","Rosemount Street, Denman NSW 2328",https://www.fire.nsw.gov.au/page.php?id=9210&station=99,-32.393717,150.682709
98,"Sat, 04 Nov 2023 09:45:11 +1100","279, Dorrigo Fire Station","2 Cudgery Street, Dorrigo NSW 2453",https://www.fire.nsw.gov.au/page.php?id=9210&station=100,-30.340552,152.712959
99,"Sat, 04 Nov 2023 09:45:11 +1100","292, Doyalson Fire Station","51-53 Pacific Highway, Doyalson NSW 2262",https://www.fire.nsw.gov.au/page.php?id=9210&station=101,-33.1984287,151.5230725
100,"Sat, 04 Nov 2023 09:45:11 +1100","017, Drummoyne Fire Station","29 - 35 Lyons Road, Drummoyne NSW 2047",https://www.fire.nsw.gov.au/page.php?id=9210&station=102,-33.851778,151.153874
101,"Sat, 04 Nov 2023 09:45:11 +1100","280, Dubbo Fire Station","102 Wheelers Lane, Dubbo NSW 2830",https://www.fire.nsw.gov.au/page.php?id=9210&station=103,-32.250917,148.631011
102,"Sat, 04 Nov 2023 09:45:11 +1100","281, Dunedoo Fire Station","30 Digilah Street, Dunedoo NSW 2844",https://www.fire.nsw.gov.au/page.php?id=9210&station=104,-32.017853,149.397429
103,"Sat, 04 Nov 2023 09:45:11 +1100","282, Dungog Fire Station","78 Lord Street, Dungog NSW 2420",https://www.fire.nsw.gov.au/page.php?id=9210&station=105,-32.403948,151.755075
104,"Sat, 04 Nov 2023 09:45:11 +1100","078, Ropes Crossing Fire Station","1a Ellsworth Drive, Tregear NSW 2770",https://www.fire.nsw.gov.au/page.php?id=9210&station=106,-33.741668,150.7865499
105,"Sat, 04 Nov 2023 09:45:11 +1100","373, East Maitland Fire Station","Cnr Chelmsford Drive & Newcastle Street, East Maitland (Metford) NSW 2323",https://www.fire.nsw.gov.au/page.php?id=9210&station=107,-32.762508,151.596923
106,"Sat, 04 Nov 2023 09:45:11 +1100","059, Eastwood Fire Station","269 Rowe Street, Eastwood NSW 2122",https://www.fire.nsw.gov.au/page.php?id=9210&station=108,-33.792224,151.077471
107,"Sat, 04 Nov 2023 09:45:11 +1100","286, Eden Fire Station","44 Hopkins Street, Eden NSW 2551",https://www.fire.nsw.gov.au/page.php?id=9210&station=109,-37.043082,149.896486
108,"Sat, 04 Nov 2023 09:45:11 +1100","033, Engadine Fire Station","8 Preston Avenue, Engadine NSW 2233",https://www.fire.nsw.gov.au/page.php?id=9210&station=110,-34.067461,151.01339
109,"Sat, 04 Nov 2023 09:45:11 +1100","288, Evans Head Fire Station","76 Woodburn Street, Evans Head NSW 2473",https://www.fire.nsw.gov.au/page.php?id=9210&station=111,-29.113527,153.427781
110,"Sat, 04 Nov 2023 09:45:11 +1100","073, Yennora Fire Station","198 Fairfield Road, Yennora  NSW 2161",https://www.fire.nsw.gov.au/page.php?id=9210&station=112,-33.8590035,150.9588678
111,"Sat, 04 Nov 2023 09:45:11 +1100","293, Finley Fire Station","239 Murray Street, Finley NSW 2713",https://www.fire.nsw.gov.au/page.php?id=9210&station=113,-35.644419,145.575613
112,"Sat, 04 Nov 2023 09:45:11 +1100","294, Forbes Fire Station","46 Templar Street, Forbes NSW 2871",https://www.fire.nsw.gov.au/page.php?id=9210&station=114,-33.38506,148.009302
113,"Sat, 04 Nov 2023 09:45:11 +1100","051, Forestville Fire Station","8 Cook Street, Forestville NSW 2087",https://www.fire.nsw.gov.au/page.php?id=9210&station=115,-33.760372,151.218598
114,"Sat, 04 Nov 2023 09:45:11 +1100","295, Forster Fire Station","22 Lake Street, Forster NSW 2428",https://www.fire.nsw.gov.au/page.php?id=9210&station=116,-32.183097,152.51711
115,"Sat, 04 Nov 2023 09:45:11 +1100","300, Gilgandra Fire Station","15 Warren Road, Gilgandra NSW 2827",https://www.fire.nsw.gov.au/page.php?id=9210&station=117,-31.711333,148.657863
116,"Sat, 04 Nov 2023 09:45:11 +1100","023, Gladesville Fire Station","7a Pittwater Road, Gladesville NSW 2111",https://www.fire.nsw.gov.au/page.php?id=9210&station=118,-33.829778,151.127845
117,"Sat, 04 Nov 2023 09:45:11 +1100","018, Glebe Fire Station","75 St Johns Rd, Glebe NSW 2037",https://www.fire.nsw.gov.au/page.php?id=9210&station=119,-33.881101,151.186449
118,"Sat, 04 Nov 2023 09:45:11 +1100","302, Glen Innes Fire Station","202 Bourke Street, Glen Innes NSW 2370",https://www.fire.nsw.gov.au/page.php?id=9210&station=120,-29.739169,151.737553
119,"Sat, 04 Nov 2023 09:45:11 +1100","301, Glenbrook Fire Station","21 Wascoe Street, Glenbrook NSW 2773",https://www.fire.nsw.gov.au/page.php?id=9210&station=121,-33.763994,150.616406
120,"Sat, 04 Nov 2023 09:45:11 +1100","303, Gloucester Fire Station","40 King Street, Gloucester NSW 2422",https://www.fire.nsw.gov.au/page.php?id=9210&station=122,-32.006969,151.95975
121,"Sat, 04 Nov 2023 09:45:11 +1100","316, Goonellabah Fire Station","13 Taylor Avenue, Goonellabah NSW 2480",https://www.fire.nsw.gov.au/page.php?id=9210&station=123,-28.81762,153.318627
122,"Sat, 04 Nov 2023 09:45:11 +1100","037, Gordon Fire Station","966 Pacific Highway, Gordon (Pymble) NSW 2072",https://www.fire.nsw.gov.au/page.php?id=9210&station=124,-33.749244,151.145655
123,"Sat, 04 Nov 2023 09:45:11 +1100","304, Gosford Fire Station","12 Brougham Street, Gosford (East) NSW 2250",https://www.fire.nsw.gov.au/page.php?id=9210&station=125,-33.439868,151.357161
124,"Sat, 04 Nov 2023 09:45:11 +1100","305, Goulburn Fire Station","157 - 161 Bourke Street, Goulburn NSW 2580",https://www.fire.nsw.gov.au/page.php?id=9210&station=126,-34.751664,149.718204
125,"Sat, 04 Nov 2023 09:45:11 +1100","306, Grafton Fire Station","94 Prince Street, Grafton NSW 2460",https://www.fire.nsw.gov.au/page.php?id=9210&station=127,-29.68908,152.935502
126,"Sat, 04 Nov 2023 09:45:11 +1100","308, Grenfell Fire Station","69 Camp Street, Grenfell NSW 2810",https://www.fire.nsw.gov.au/page.php?id=9210&station=128,-33.895338,148.161635
127,"Sat, 04 Nov 2023 09:45:11 +1100","311, Griffith Fire Station","11 Jondaryan Avenue, Griffith NSW 2680",https://www.fire.nsw.gov.au/page.php?id=9210&station=129,-34.289742,146.050657
128,"Sat, 04 Nov 2023 09:45:11 +1100","055, Guildford Fire Station","263 Guildford Road, Guildford NSW 2161",https://www.fire.nsw.gov.au/page.php?id=9210&station=130,-33.854223,150.988395
129,"Sat, 04 Nov 2023 09:45:11 +1100","312, Gulgong Fire Station","1 Medley St, Gulgong NSW 2852",https://www.fire.nsw.gov.au/page.php?id=9210&station=131,-32.352804,149.53449
130,"Sat, 04 Nov 2023 09:45:11 +1100","313, Gundagai Fire Station","28 Otway Street, Gundagai NSW 2722",https://www.fire.nsw.gov.au/page.php?id=9210&station=132,-35.062423,148.103307
131,"Sat, 04 Nov 2023 09:45:11 +1100","314, Gunnedah Fire Station","96 Barber Street, Gunnedah NSW 2380",https://www.fire.nsw.gov.au/page.php?id=9210&station=133,-30.978859,150.251505
132,"Sat, 04 Nov 2023 09:45:11 +1100","315, Guyra Fire Station","73 Ollera Street, Guyra NSW 2365",https://www.fire.nsw.gov.au/page.php?id=9210&station=134,-30.216469,151.670271
133,"Sat, 04 Nov 2023 09:45:11 +1100","434, Hamlyn Terrace Fire Station","48 Minnesota Road, Hamlyn Terrace NSW 2259",https://www.fire.nsw.gov.au/page.php?id=9210&station=136,-33.248843,151.467909
134,"Sat, 04 Nov 2023 09:45:11 +1100","389, Harden Fire Station","141 Albury Street, Harden NSW 2587",https://www.fire.nsw.gov.au/page.php?id=9210&station=137,-34.55337,148.365004
135,"Sat, 04 Nov 2023 09:45:11 +1100","321, Hay Fire Station","380 Macauley Street, Hay NSW 2711",https://www.fire.nsw.gov.au/page.php?id=9210&station=138,-34.502508,144.847632
136,"Sat, 04 Nov 2023 09:45:11 +1100","325, Helensburgh Fire Station","91 Walker Street, Helensburgh NSW 2508",https://www.fire.nsw.gov.au/page.php?id=9210&station=139,-34.197135,150.981073
137,"Sat, 04 Nov 2023 09:45:11 +1100","322, Henty Fire Station","14 Allan Street, Henty NSW 2658",https://www.fire.nsw.gov.au/page.php?id=9210&station=140,-35.517452,147.032321
138,"Sat, 04 Nov 2023 09:45:11 +1100","323, Hillston Fire Station","130 High Street, Hillston NSW 2675",https://www.fire.nsw.gov.au/page.php?id=9210&station=141,-33.483621,145.534946
139,"Sat, 04 Nov 2023 09:45:11 +1100","324, Holbrook Fire Station","62 Swift Street, Holbrook NSW 2644",https://www.fire.nsw.gov.au/page.php?id=9210&station=142,-35.719821,147.318955
140,"Sat, 04 Nov 2023 09:45:11 +1100","007, Horningsea Park Fire Station","162 Greenway Drive, Horningsea Park NSW 2171",https://www.fire.nsw.gov.au/page.php?id=9210&station=143,-33.943576,150.836993
141,"Sat, 04 Nov 2023 09:45:11 +1100","050, Hornsby Fire Station","2 Bridge Road, Hornsby NSW 2077",https://www.fire.nsw.gov.au/page.php?id=9210&station=144,-33.69742,151.098341
142,"Sat, 04 Nov 2023 09:45:11 +1100","097, Huntingwood Fire Station","42 Huntingwood Drive, Huntingwood NSW 2148",https://www.fire.nsw.gov.au/page.php?id=9210&station=145,-33.797215,150.87963
143,"Sat, 04 Nov 2023 09:45:11 +1100","020, Hurstville Fire Station","5-9 Butler Rd, Hurstville NSW 2220",https://www.fire.nsw.gov.au/page.php?id=9210&station=146,-33.967949,151.101758
144,"Sat, 04 Nov 2023 09:45:11 +1100","079, Ingleburn Fire Station","41 Carlisle Street, Ingleburn NSW 2565",https://www.fire.nsw.gov.au/page.php?id=9210&station=147,-33.998458,150.867202
145,"Sat, 04 Nov 2023 09:45:11 +1100","331, Inverell Fire Station","59 Evans Street, Inverell NSW 2360",https://www.fire.nsw.gov.au/page.php?id=9210&station=148,-29.774674,151.114944
146,"Sat, 04 Nov 2023 09:45:11 +1100","336, Jerilderie Fire Station","23 Southey St, Jerilderie NSW 2716",https://www.fire.nsw.gov.au/page.php?id=9210&station=149,-35.359149,145.71996
147,"Sat, 04 Nov 2023 09:45:11 +1100","338, Jindabyne Fire Station","10 Thredbo Terrace, Jindabyne NSW 2627",https://www.fire.nsw.gov.au/page.php?id=9210&station=150,-36.416752,148.623285
148,"Sat, 04 Nov 2023 09:45:11 +1100","337, Junee Fire Station","Lisgar Street, Junee NSW 2663",https://www.fire.nsw.gov.au/page.php?id=9210&station=151,-34.870329,147.586975
149,"Sat, 04 Nov 2023 09:45:11 +1100","342, Kandos Fire Station","26 Rodgers Street, Kandos NSW 2848",https://www.fire.nsw.gov.au/page.php?id=9210&station=152,-32.857906,149.973221
150,"Sat, 04 Nov 2023 09:45:11 +1100","341, Kariong Fire Station","1 Central Coast Highway, Kariong NSW 2250",https://www.fire.nsw.gov.au/page.php?id=9210&station=153,-33.433567,151.29663
151,"Sat, 04 Nov 2023 09:45:11 +1100","343, Katoomba Fire Station","14 Cascade Street, Katoomba NSW 2780",https://www.fire.nsw.gov.au/page.php?id=9210&station=154,-33.712048,150.309953
152,"Sat, 04 Nov 2023 09:45:11 +1100","344, Kearsley Fire Station","26 Allandale Street, Kearsley NSW 2325",https://www.fire.nsw.gov.au/page.php?id=9210&station=155,-32.859022,151.394769
153,"Sat, 04 Nov 2023 09:45:11 +1100","094, Kellyville Fire Station","1-5 Poole Road, Kellyville NSW 2155",https://www.fire.nsw.gov.au/page.php?id=9210&station=156,-33.709905,150.949583
154,"Sat, 04 Nov 2023 09:45:11 +1100","105, Kelso Fire Station","4 Pat OLeary Drive, Kelso NSW 2795",https://www.fire.nsw.gov.au/page.php?id=9210&station=157,-33.420013,149.6188
155,"Sat, 04 Nov 2023 09:45:11 +1100","345, Kempsey Fire Station","78 Elbow St, Kempsey NSW 2240",https://www.fire.nsw.gov.au/page.php?id=9210&station=158,-31.081004,152.828178
156,"Sat, 04 Nov 2023 09:45:11 +1100","346, Kiama Fire Station","210 Terralong Street, Kiama NSW 2533",https://www.fire.nsw.gov.au/page.php?id=9210&station=159,-34.665931,150.846463
157,"Sat, 04 Nov 2023 09:45:11 +1100","347, Kingscliff Fire Station","154 Marine Parade, Kingscliff NSW 2487",https://www.fire.nsw.gov.au/page.php?id=9210&station=160,-28.2512824286928,153.571945995398
158,"Sat, 04 Nov 2023 09:45:11 +1100","021, Kogarah Fire Station","26 Gray Street, Kogarah NSW 2217",https://www.fire.nsw.gov.au/page.php?id=9210&station=161,-33.966739,151.132438
159,"Sat, 04 Nov 2023 09:45:11 +1100","349, Kurri Kurri Fire Station","119 Lang Street, Kurri Kurri NSW 2327",https://www.fire.nsw.gov.au/page.php?id=9210&station=162,-32.816687,151.483516
160,"Sat, 04 Nov 2023 09:45:11 +1100","350, Kyogle Fire Station","Bloore Street, Kyogle NSW 2474",https://www.fire.nsw.gov.au/page.php?id=9210&station=163,-28.620432,153.00256
161,"Sat, 04 Nov 2023 09:45:11 +1100","355, Lake Cargelligo Fire Station","Reef Street, Lake Cargelligo NSW 2672",https://www.fire.nsw.gov.au/page.php?id=9210&station=164,-33.299332,146.371483
162,"Sat, 04 Nov 2023 09:45:11 +1100","064, Lakemba Fire Station","210 Haldon Street, Lakemba NSW 2195",https://www.fire.nsw.gov.au/page.php?id=9210&station=165,-33.924713,151.079525
163,"Sat, 04 Nov 2023 09:45:11 +1100","357, Lambton Fire Station","40 Young Road, Lambton NSW 2299",https://www.fire.nsw.gov.au/page.php?id=9210&station=166,-32.9160662,151.7208816
164,"Sat, 04 Nov 2023 09:45:11 +1100","061, Lane Cove Fire Station","55-57 Dickson Ave, Artarmon NSW 2064",https://www.fire.nsw.gov.au/page.php?id=9210&station=167,-33.81629,151.182981
165,"Sat, 04 Nov 2023 09:45:11 +1100","358, Laurieton Fire Station","33 Castle Street, Laurieton NSW 2443",https://www.fire.nsw.gov.au/page.php?id=9210&station=168,-31.645779,152.796299
166,"Sat, 04 Nov 2023 09:45:11 +1100","359, Lawson Fire Station","306-307 Great Western Highway, Lawson NSW 2783",https://www.fire.nsw.gov.au/page.php?id=9210&station=169,-33.721488,150.426523
167,"Sat, 04 Nov 2023 09:45:11 +1100","360, Leeton Fire Station","19 Wade Avenue, Leeton NSW 2705",https://www.fire.nsw.gov.au/page.php?id=9210&station=170,-34.550746,146.405926
168,"Sat, 04 Nov 2023 09:45:11 +1100","022, Leichhardt Fire Station","1 Marion Street, Leichhardt NSW 2040",https://www.fire.nsw.gov.au/page.php?id=9210&station=171,-33.883437,151.158867
169,"Sat, 04 Nov 2023 09:45:11 +1100","361, Leura Fire Station","194-196 The Mall, Leura NSW 2780",https://www.fire.nsw.gov.au/page.php?id=9210&station=172,-33.71455,150.330879
170,"Sat, 04 Nov 2023 09:45:11 +1100","030, Lidcombe Fire Station","37 Church Street, Lidcombe NSW 2141",https://www.fire.nsw.gov.au/page.php?id=9210&station=173,-33.86334,151.045354
171,"Sat, 04 Nov 2023 09:45:11 +1100","367, Lightning Ridge Fire Station","Pandora Street, Lightning Ridge NSW 2834",https://www.fire.nsw.gov.au/page.php?id=9210&station=174,-29.43055,147.981135
172,"Sat, 04 Nov 2023 09:45:11 +1100","362, Lismore Fire Station","139-141 Molesworth Street, Lismore NSW 2480",https://www.fire.nsw.gov.au/page.php?id=9210&station=175,-28.809462,153.275054
173,"Sat, 04 Nov 2023 09:45:11 +1100","363, Lithgow Fire Station","58 Cook Street, Lithgow NSW 2790",https://www.fire.nsw.gov.au/page.php?id=9210&station=176,-33.481802,150.15716
174,"Sat, 04 Nov 2023 09:45:11 +1100","364, Lithgow West Fire Station","36 Rabaul Street, Lithgow  (Lithgow West) NSW 2790",https://www.fire.nsw.gov.au/page.php?id=9210&station=177,-33.494724,150.138769
175,"Sat, 04 Nov 2023 09:45:11 +1100","008, Liverpool Fire Station","Anzac Road corner Delfin Drive, Moorebank NSW 2170",https://www.fire.nsw.gov.au/page.php?id=9210&station=178,-33.944633,150.931204
176,"Sat, 04 Nov 2023 09:45:11 +1100","365, Lockhart Fire Station","84 Ferrier Street, Lockhart NSW 2656",https://www.fire.nsw.gov.au/page.php?id=9210&station=179,-35.220127,146.721301
177,"Sat, 04 Nov 2023 09:45:11 +1100","371, Macksville Fire Station","26 Wallace Street, Macksville NSW 2447",https://www.fire.nsw.gov.au/page.php?id=9210&station=180,-30.707673,152.918981
178,"Sat, 04 Nov 2023 09:45:11 +1100","372, Maclean Fire Station","251 River Street, Maclean NSW 2463",https://www.fire.nsw.gov.au/page.php?id=9210&station=181,-29.457394,153.196886
179,"Sat, 04 Nov 2023 09:45:11 +1100","084, Macquarie Fields Fire Station","8 Brooks Street, Macquarie Fields NSW 2564",https://www.fire.nsw.gov.au/page.php?id=9210&station=182,-33.985679,150.890493
180,"Sat, 04 Nov 2023 09:45:11 +1100","374, Maitland Fire Station","14 Church Street, Maitland NSW 2320",https://www.fire.nsw.gov.au/page.php?id=9210&station=183,-32.732076,151.553233
181,"Sat, 04 Nov 2023 09:45:11 +1100","375, Manilla Fire Station","Strafford St, Manilla NSW 2346",https://www.fire.nsw.gov.au/page.php?id=9210&station=184,-30.748146,150.719953
182,"Sat, 04 Nov 2023 09:45:11 +1100","024, Manly Fire Station","128 Sydney Road, Fairlight NSW 2094",https://www.fire.nsw.gov.au/page.php?id=9210&station=185,-33.795819,151.277476
183,"Sat, 04 Nov 2023 09:45:11 +1100","070, Maroubra Fire Station","Cnr Maroubra Road & Flower Street, Maroubra NSW 2035",https://www.fire.nsw.gov.au/page.php?id=9210&station=186,-33.942971,151.246997
184,"Sat, 04 Nov 2023 09:45:11 +1100","028, Marrickville Fire Station","309 Marrickville Road, Marrickville NSW 2204",https://www.fire.nsw.gov.au/page.php?id=9210&station=187,-33.909081,151.153845
185,"Sat, 04 Nov 2023 09:45:11 +1100","026, Mascot Fire Station","139-141 Coward Street, Mascot NSW 2020",https://www.fire.nsw.gov.au/page.php?id=9210&station=188,-33.925941,151.19684
186,"Sat, 04 Nov 2023 09:45:11 +1100","056, Matraville Fire Station","Cnr Beauchamp & Bunnerong Roads, Matraville NSW 2036",https://www.fire.nsw.gov.au/page.php?id=9210&station=189,-33.9558,151.230632
187,"Sat, 04 Nov 2023 09:45:11 +1100","462, Mayfield West Fire Station","91 Industrial Drive, Mayfield West NSW 2304",https://www.fire.nsw.gov.au/page.php?id=9210&station=190,-32.886119,151.728634
188,"Sat, 04 Nov 2023 09:45:11 +1100","090, Menai Fire Station","297 Menai Road, Menai NSW 2234",https://www.fire.nsw.gov.au/page.php?id=9210&station=191,-34.014884,151.011872
189,"Sat, 04 Nov 2023 09:45:11 +1100","376, Merewether Fire Station","39 Llewellyn Street, Merewether NSW 2291",https://www.fire.nsw.gov.au/page.php?id=9210&station=192,-32.942041,151.751053
190,"Sat, 04 Nov 2023 09:45:11 +1100","395, Merimbula Fire Station","17-19 Monaro Street, Merimbula NSW 2548",https://www.fire.nsw.gov.au/page.php?id=9210&station=193,-36.890317,149.908762
191,"Sat, 04 Nov 2023 09:45:11 +1100","393, Merriwa Fire Station","109 Bettington Street, Merriwa NSW 2329",https://www.fire.nsw.gov.au/page.php?id=9210&station=194,-32.139936,150.356822
192,"Sat, 04 Nov 2023 09:45:11 +1100","072, Merrylands Fire Station","340 Merrylands Road, Merrylands NSW 2160",https://www.fire.nsw.gov.au/page.php?id=9210&station=195,-33.835149,150.981568
193,"Sat, 04 Nov 2023 09:45:11 +1100","377, Minmi Fire Station","20 Woodford Street, Minmi NSW 2287",https://www.fire.nsw.gov.au/page.php?id=9210&station=196,-32.872682,151.618661
194,"Sat, 04 Nov 2023 09:45:11 +1100","045, Miranda Fire Station","242 Port Hacking Road, Miranda NSW 2228",https://www.fire.nsw.gov.au/page.php?id=9210&station=197,-34.030314,151.106624
195,"Sat, 04 Nov 2023 09:45:11 +1100","378, Mittagong Fire Station","10 Bowral Road, Mittagong NSW 2575",https://www.fire.nsw.gov.au/page.php?id=9210&station=198,-34.451518,150.447094
196,"Sat, 04 Nov 2023 09:45:11 +1100","379, Moama Fire Station","30-32 Maiden Street, Moama NSW 2739",https://www.fire.nsw.gov.au/page.php?id=9210&station=199,-36.109466,144.758666
197,"Sat, 04 Nov 2023 09:45:11 +1100","380, Molong Fire Station","100-104 Edward Street, Molong NSW 2866",https://www.fire.nsw.gov.au/page.php?id=9210&station=200,-33.098375,148.865141
198,"Sat, 04 Nov 2023 09:45:11 +1100","006, Mona Vale Fire Station","6 Harkeith Street, Mona Vale NSW 2103",https://www.fire.nsw.gov.au/page.php?id=9210&station=201,-33.676224,151.306702
199,"Sat, 04 Nov 2023 09:45:11 +1100","381, Moree Fire Station","179 Balo Street, Moree NSW 2400",https://www.fire.nsw.gov.au/page.php?id=9210&station=202,-29.46563,149.841268
200,"Sat, 04 Nov 2023 09:45:11 +1100","383, Morisset Fire Station","68 Newcastle Street, Morisset NSW 2264",https://www.fire.nsw.gov.au/page.php?id=9210&station=203,-33.107825,151.484947
201,"Sat, 04 Nov 2023 09:45:11 +1100","382, Morpeth Fire Station","169 Swan Street, Morpeth NSW 2321",https://www.fire.nsw.gov.au/page.php?id=9210&station=204,-32.725253,151.624284
202,"Sat, 04 Nov 2023 09:45:11 +1100","048, Mortdale Fire Station","38 Morts Road, Mortdale NSW 2223",https://www.fire.nsw.gov.au/page.php?id=9210&station=205,-33.970142,151.080072
203,"Sat, 04 Nov 2023 09:45:11 +1100","384, Moruya Fire Station","15 Church Street, Moruya NSW 2537",https://www.fire.nsw.gov.au/page.php?id=9210&station=206,-35.909287,150.080059
204,"Sat, 04 Nov 2023 09:45:11 +1100","025, Mosman Fire Station","730 Military Road, Mosman NSW 2088",https://www.fire.nsw.gov.au/page.php?id=9210&station=207,-33.825181,151.242837
205,"Sat, 04 Nov 2023 09:45:11 +1100","385, Moss Vale Fire Station","64 Elizabeth Street, Moss Vale NSW 2577",https://www.fire.nsw.gov.au/page.php?id=9210&station=208,-34.549134,150.37421
206,"Sat, 04 Nov 2023 09:45:11 +1100","032, Mount Druitt Fire Station","81 Railway Street, Mount Druitt NSW 2770",https://www.fire.nsw.gov.au/page.php?id=9210&station=209,-33.765523,150.831334
207,"Sat, 04 Nov 2023 09:45:11 +1100","386, Mt. Victoria Fire Station","31-33 Montgomery Street, Mount Victoria NSW 2786",https://www.fire.nsw.gov.au/page.php?id=9210&station=210,-33.590063,150.253513
208,"Sat, 04 Nov 2023 09:45:11 +1100","387, Mudgee Fire Station","95-97 Horatio Street, Mudgee NSW 2850",https://www.fire.nsw.gov.au/page.php?id=9210&station=211,-32.599544,149.586632
209,"Sat, 04 Nov 2023 09:45:11 +1100","388, Mullumbimby Fire Station","57 Dalley Street, Mullumbimby NSW 2482",https://www.fire.nsw.gov.au/page.php?id=9210&station=212,-28.5524675674074,153.499553872345
210,"Sat, 04 Nov 2023 09:45:11 +1100","394, Mulwala Fire Station","73 Melbourne Street, Mulwala NSW 2647",https://www.fire.nsw.gov.au/page.php?id=9210&station=213,-35.988099,146.006066
211,"Sat, 04 Nov 2023 09:45:11 +1100","390, Murrurundi Fire Station","44 Mayne Street, Murrurundi NSW 2338",https://www.fire.nsw.gov.au/page.php?id=9210&station=214,-31.758438,150.826253
212,"Sat, 04 Nov 2023 09:45:11 +1100","391, Murwillumbah Fire Station","133 Murwillumbah Street, Murwillumbah NSW 2484",https://www.fire.nsw.gov.au/page.php?id=9210&station=215,-28.32612,153.395492
213,"Sat, 04 Nov 2023 09:45:11 +1100","392, Muswellbrook Fire Station","27-31 Market Street, Muswellbrook NSW 2333",https://www.fire.nsw.gov.au/page.php?id=9210&station=216,-32.266986,150.89102
214,"Sat, 04 Nov 2023 09:45:11 +1100","397, Nambucca Heads Fire Station","8 Ken Howard Crescent, Nambucca Heads NSW 2448",https://www.fire.nsw.gov.au/page.php?id=9210&station=217,-30.6349718641995,152.979437112808
215,"Sat, 04 Nov 2023 09:45:11 +1100","093, Narellan Fire Station","12 Exchange Parade, Smeaton Grange ( Narellan) NSW 2567",https://www.fire.nsw.gov.au/page.php?id=9210&station=218,-34.039384,150.749322
216,"Sat, 04 Nov 2023 09:45:11 +1100","398, Narooma Fire Station","3 Clarke Street, Narooma NSW 2546",https://www.fire.nsw.gov.au/page.php?id=9210&station=219,-36.22079,150.133063
217,"Sat, 04 Nov 2023 09:45:11 +1100","068, Narrabeen Fire Station","9 Ocean Street, Narrabeen NSW 2101",https://www.fire.nsw.gov.au/page.php?id=9210&station=220,-33.7209,151.29851
218,"Sat, 04 Nov 2023 09:45:11 +1100","399, Narrabri Fire Station","2 Doyle Street, Narrabri NSW 2390",https://www.fire.nsw.gov.au/page.php?id=9210&station=221,-30.324721,149.783699
219,"Sat, 04 Nov 2023 09:45:11 +1100","400, Narrandera Fire Station","23 Twynam Street, Narrandera NSW 2700",https://www.fire.nsw.gov.au/page.php?id=9210&station=222,-34.746475,146.551257
220,"Sat, 04 Nov 2023 09:45:11 +1100","401, Narromine Fire Station","39 Burroway Street, Narromine NSW 2821",https://www.fire.nsw.gov.au/page.php?id=9210&station=223,-32.233775,148.242141
221,"Sat, 04 Nov 2023 09:45:11 +1100","402, Salamander Bay Fire Station","194 Salamander way, Salamander Bay NSW 2317",https://www.fire.nsw.gov.au/page.php?id=9210&station=224,-32.738319,152.112228
222,"Sat, 04 Nov 2023 09:45:11 +1100","053, Neutral Bay Fire Station","28 Yeo Street, Neutral Bay NSW 2089",https://www.fire.nsw.gov.au/page.php?id=9210&station=225,-33.831934,151.220939
223,"Sat, 04 Nov 2023 09:45:11 +1100","260, Newcastle Fire Station","44 Union Street, Newcastle NSW 2300",https://www.fire.nsw.gov.au/page.php?id=9210&station=227,-32.929762,151.766153
224,"Sat, 04 Nov 2023 09:45:11 +1100","005, Newtown Fire Station","214-216 Australia Street, Newtown NSW 2042",https://www.fire.nsw.gov.au/page.php?id=9210&station=228,-33.896466,151.178511
225,"Sat, 04 Nov 2023 09:45:11 +1100","067, Baulkham Hills Fire Station","130 Seven Hills Rd, Baulkham Hills NSW 2153",https://www.fire.nsw.gov.au/page.php?id=9210&station=229,-33.761786217398,150.974752753973
226,"Sat, 04 Nov 2023 09:45:11 +1100","405, Nowra Fire Station","69 Bridge Road, Nowra NSW 2541",https://www.fire.nsw.gov.au/page.php?id=9210&station=230,-34.8707895,150.6004792
227,"Sat, 04 Nov 2023 09:45:11 +1100","406, Nyngan Fire Station","100 Lawlor Street, Nyngan NSW 2825",https://www.fire.nsw.gov.au/page.php?id=9210&station=231,-31.554363,147.190708
228,"Sat, 04 Nov 2023 09:45:11 +1100","411, Oberon Fire Station","51 North Street, Oberon NSW 2787",https://www.fire.nsw.gov.au/page.php?id=9210&station=232,-33.703238,149.853959
229,"Sat, 04 Nov 2023 09:45:11 +1100","412, Orange Fire Station","79 Summer Street, Orange NSW 2800",https://www.fire.nsw.gov.au/page.php?id=9210&station=233,-33.28264,149.094822
230,"Sat, 04 Nov 2023 09:45:11 +1100","417, Parkes Fire Station","20 Hill Street, Parkes NSW 2870",https://www.fire.nsw.gov.au/page.php?id=9210&station=234,-33.136785,148.177308
231,"Sat, 04 Nov 2023 09:45:11 +1100","027, Parramatta Fire Station","110-114 Wigram Street, Harris Park (Parramatta) NSW 2150",https://www.fire.nsw.gov.au/page.php?id=9210&station=235,-33.819832,151.009128
232,"Sat, 04 Nov 2023 09:45:11 +1100","418, Paxton Fire Station","3 Standford Street, Paxton NSW 2327",https://www.fire.nsw.gov.au/page.php?id=9210&station=236,-32.902195,151.281831
233,"Sat, 04 Nov 2023 09:45:11 +1100","419, Peak Hill Fire Station","130 Caswell Street, Peak Hill NSW 2869",https://www.fire.nsw.gov.au/page.php?id=9210&station=237,-32.728327,148.192228
234,"Sat, 04 Nov 2023 09:45:11 +1100","086, Penrith Fire Station","290-294 High Street, Penrith NSW 2750",https://www.fire.nsw.gov.au/page.php?id=9210&station=238,-33.754858,150.70228
235,"Sat, 04 Nov 2023 09:45:11 +1100","426, Perisher Valley Fire Station","Kosciusko Road, Perisher Valley NSW 2624",https://www.fire.nsw.gov.au/page.php?id=9210&station=239,-36.404591,148.414125
236,"Sat, 04 Nov 2023 09:45:11 +1100","421, Picton Fire Station","435 Argyle Street, Picton NSW 2571",https://www.fire.nsw.gov.au/page.php?id=9210&station=240,-34.190573,150.604722
237,"Sat, 04 Nov 2023 09:45:11 +1100","424, Port Macquarie Fire Station","5 Central Rd, Port Macquarie NSW 2444",https://www.fire.nsw.gov.au/page.php?id=9210&station=241,-31.444391,152.893279
238,"Sat, 04 Nov 2023 09:45:11 +1100","423, Portland Fire Station","69 Williwa Street, Portland NSW 2847",https://www.fire.nsw.gov.au/page.php?id=9210&station=242,-33.353902,149.984518
239,"Sat, 04 Nov 2023 09:45:11 +1100","038, Pyrmont Fire Station","147 Pyrmont Street, Pyrmont NSW 2009",https://www.fire.nsw.gov.au/page.php?id=9210&station=243,-33.871515,151.195733
240,"Sat, 04 Nov 2023 09:45:11 +1100","428, Queanbeyan Fire Station","41 Campbell Street, Queanbeyan NSW 2620",https://www.fire.nsw.gov.au/page.php?id=9210&station=244,-35.350639,149.229279
241,"Sat, 04 Nov 2023 09:45:11 +1100","429, Quirindi Fire Station","3 Dalley Street, Quirindi NSW 2343",https://www.fire.nsw.gov.au/page.php?id=9210&station=245,-31.504157,150.679779
242,"Sat, 04 Nov 2023 09:45:11 +1100","039, Randwick Fire Station","4 The Avenue, Randwick NSW 2031",https://www.fire.nsw.gov.au/page.php?id=9210&station=246,-33.910216,151.241599
243,"Sat, 04 Nov 2023 09:45:11 +1100","432, Raymond Terrace Fire Station","3-5 Leisure Way, Raymond Terrace NSW 2324",https://www.fire.nsw.gov.au/page.php?id=9210&station=247,-32.7585063984833,151.782302856445
244,"Sat, 04 Nov 2023 09:45:11 +1100","010, Redfern Fire Station","113 George Street, Redfern NSW 2016",https://www.fire.nsw.gov.au/page.php?id=9210&station=248,-33.893322,151.202264
245,"Sat, 04 Nov 2023 09:45:11 +1100","102, Regentville Fire Station","2-6 Jeanette Street, Regentville NSW 2745",https://www.fire.nsw.gov.au/page.php?id=9210&station=249,-33.773899,150.669815
246,"Sat, 04 Nov 2023 09:45:11 +1100","047, Revesby Fire Station","60 The River Road, Revesby NSW 2212",https://www.fire.nsw.gov.au/page.php?id=9210&station=250,-33.942666,151.018001
247,"Sat, 04 Nov 2023 09:45:11 +1100","066, Rhodes Fire Station","438 Concord Road, Rhodes NSW 2138",https://www.fire.nsw.gov.au/page.php?id=9210&station=251,-33.829972,151.088059
248,"Sat, 04 Nov 2023 09:45:11 +1100","082, Richmond Fire Station","43 March St, Richmond NSW 2753",https://www.fire.nsw.gov.au/page.php?id=9210&station=252,-33.600075,150.75434
249,"Sat, 04 Nov 2023 09:45:11 +1100","083, Riverstone Fire Station","66 Riverstone Parade, Riverstone NSW 2765",https://www.fire.nsw.gov.au/page.php?id=9210&station=253,-33.675309,150.85918
250,"Sat, 04 Nov 2023 09:45:11 +1100","034, Riverwood Fire Station","136A Belmore Road, Riverwood NSW 2210",https://www.fire.nsw.gov.au/page.php?id=9210&station=254,-33.956489,151.051772
251,"Sat, 04 Nov 2023 09:45:11 +1100","087, Rosemeadow Fire Station","1 Thomas Rose Drive, Rosemeadow NSW 2560",https://www.fire.nsw.gov.au/page.php?id=9210&station=255,-34.100634,150.798142
252,"Sat, 04 Nov 2023 09:45:11 +1100","065, Rydalmere Fire Station","75 Park Road, Rydalmere NSW 2116",https://www.fire.nsw.gov.au/page.php?id=9210&station=256,-33.810204,151.042485
253,"Sat, 04 Nov 2023 09:45:11 +1100","042, Ryde Fire Station","120F Coxs Rd, North Ryde NSW 2113",https://www.fire.nsw.gov.au/page.php?id=9210&station=257,-33.798944,151.126852
254,"Sat, 04 Nov 2023 09:45:11 +1100","450, Saratoga Fire Station","2 Rosemount Street, Saratoga NSW 2251",https://www.fire.nsw.gov.au/page.php?id=9210&station=258,-33.476544,151.352146
255,"Sat, 04 Nov 2023 09:45:11 +1100","441, Sawtell Fire Station","140 Sawtell Road, Toormina NSW 2452",https://www.fire.nsw.gov.au/page.php?id=9210&station=259,-30.350844938967,153.089493513107
256,"Sat, 04 Nov 2023 09:45:11 +1100","442, Scarborough Fire Station","Wilson Street, Scarborough NSW 2511",https://www.fire.nsw.gov.au/page.php?id=9210&station=260,-34.271278,150.959234
257,"Sat, 04 Nov 2023 09:45:11 +1100","096, Schofields Fire Station","58 Hambledon Rd, Schofields NSW 2762",https://www.fire.nsw.gov.au/page.php?id=9210&station=261,-33.713379,150.893554
258,"Sat, 04 Nov 2023 09:45:11 +1100","443, Scone Fire Station","106 Kingdon Street, Scone NSW 2337",https://www.fire.nsw.gov.au/page.php?id=9210&station=262,-32.052647,150.868157
259,"Sat, 04 Nov 2023 09:45:11 +1100","043, Seven Hills Fire Station","10 Leabons Lane, Seven Hills NSW 2147",https://www.fire.nsw.gov.au/page.php?id=9210&station=263,-33.783408,150.924491
260,"Sat, 04 Nov 2023 09:45:11 +1100","488, Shellharbour Fire Station","Wattle Road, Shellharbour NSW 2529",https://www.fire.nsw.gov.au/page.php?id=9210&station=264,-34.58049,150.861142
261,"Sat, 04 Nov 2023 09:45:11 +1100","019, Silverwater Fire Station","122 Adderely Street, Silverwater NSW 2141",https://www.fire.nsw.gov.au/page.php?id=9210&station=265,-33.839737,151.036367
262,"Sat, 04 Nov 2023 09:45:11 +1100","444, Singleton Fire Station","1A Pitt Street, Singleton NSW 2330",https://www.fire.nsw.gov.au/page.php?id=9210&station=266,-32.565195,151.168882
263,"Sat, 04 Nov 2023 09:45:11 +1100","041, Smithfield Fire Station","875 The Horsley Drive, Smithfield - Fire Station NSW 2164",https://www.fire.nsw.gov.au/page.php?id=9210&station=267,-33.850649,150.922572
264,"Sat, 04 Nov 2023 09:45:11 +1100","307, South Grafton Fire Station","64 Wharf Street, South Grafton NSW 2460",https://www.fire.nsw.gov.au/page.php?id=9210&station=268,-29.704407,152.936337
265,"Sat, 04 Nov 2023 09:45:11 +1100","449, South West Rocks Fire Station","49 Lindsay Noonan Dr, South West Rocks NSW 2431",https://www.fire.nsw.gov.au/page.php?id=9210&station=269,-30.9087953035488,153.039195850844
266,"Sat, 04 Nov 2023 09:45:11 +1100","445, Springwood Fire Station","282 Macquarie Street, Springwood NSW 2777",https://www.fire.nsw.gov.au/page.php?id=9210&station=270,-33.700594,150.562516
267,"Sat, 04 Nov 2023 09:45:11 +1100","092, St. Andrews Fire Station","9 Swettenham Road, St Andrews NSW 2566",https://www.fire.nsw.gov.au/page.php?id=9210&station=271,-34.026283,150.833715
268,"Sat, 04 Nov 2023 09:45:11 +1100","077, St. Marys Fire Station","1 Marsden Road, ST Marys NSW 2760",https://www.fire.nsw.gov.au/page.php?id=9210&station=272,-33.773392,150.78613
269,"Sat, 04 Nov 2023 09:45:11 +1100","446, Stockton Fire Station","36 Hereford Street, Stockton NSW 2295",https://www.fire.nsw.gov.au/page.php?id=9210&station=273,-32.908029,151.784177
270,"Sat, 04 Nov 2023 09:45:11 +1100","046, Sutherland Fire Station","2 Moore Street, Sutherland NSW 2232",https://www.fire.nsw.gov.au/page.php?id=9210&station=274,-34.03277,151.055165
271,"Sat, 04 Nov 2023 09:45:11 +1100","447, Swansea Fire Station","10 Lake Road, Swansea NSW 2281",https://www.fire.nsw.gov.au/page.php?id=9210&station=275,-33.089601,151.636772
272,"Sat, 04 Nov 2023 09:45:11 +1100","452, Tamworth Fire Station","103 Carthage Street, Tamworth NSW 2340",https://www.fire.nsw.gov.au/page.php?id=9210&station=276,-31.088387,150.933571
273,"Sat, 04 Nov 2023 09:45:11 +1100","453, Taree Fire Station","75 Pulteney St Cnr Wynter Street, Taree NSW 2430",https://www.fire.nsw.gov.au/page.php?id=9210&station=277,-31.9103767402811,152.457090603956
274,"Sat, 04 Nov 2023 09:45:11 +1100","454, Tarro Fire Station","8 Eastern Avenue, Tarro NSW 2322",https://www.fire.nsw.gov.au/page.php?id=9210&station=278,-32.809788,151.663252
275,"Sat, 04 Nov 2023 09:45:11 +1100","471, Tea Gardens Fire Station","135 Marine Drive, Tea Gardens NSW 2324",https://www.fire.nsw.gov.au/page.php?id=9210&station=279,-32.669568,152.164567
276,"Sat, 04 Nov 2023 09:45:11 +1100","455, Rutherford Fire Station","2 Mustang Drive, Rutherford NSW 2320",https://www.fire.nsw.gov.au/page.php?id=9210&station=280,-32.7047618,151.508849
277,"Sat, 04 Nov 2023 09:45:11 +1100","456, Temora Fire Station","147 De Boos Street, Temora NSW 2666",https://www.fire.nsw.gov.au/page.php?id=9210&station=281,-34.447781,147.53609
278,"Sat, 04 Nov 2023 09:45:11 +1100","457, Tenterfield Fire Station","125 Logan Street, Tenterfield NSW 2372",https://www.fire.nsw.gov.au/page.php?id=9210&station=282,-29.055633,152.02129
279,"Sat, 04 Nov 2023 09:45:11 +1100","458, Teralba Fire Station","54 William Street, Teralba NSW 2284",https://www.fire.nsw.gov.au/page.php?id=9210&station=283,-32.962989,151.604593
280,"Sat, 04 Nov 2023 09:45:11 +1100","459, Terrigal Fire Station","7 Terrigal Drive, Terrigal NSW 2260",https://www.fire.nsw.gov.au/page.php?id=9210&station=284,-33.439639,151.437721
281,"Sat, 04 Nov 2023 09:45:11 +1100","460, The Entrance Fire Station","24 Boondilla Road, The Entrance NSW 2261",https://www.fire.nsw.gov.au/page.php?id=9210&station=285,-33.348961,151.495681
282,"Sat, 04 Nov 2023 09:45:11 +1100","003, The Rocks Fire Station","166 Kent Street, The Rocks NSW 2000",https://www.fire.nsw.gov.au/page.php?id=9210&station=286,-33.861929,151.204068
283,"Sat, 04 Nov 2023 09:45:11 +1100","461, Thirroul Fire Station","240 Lawrence Hargrave Drive, Thirroul NSW 2515",https://www.fire.nsw.gov.au/page.php?id=9210&station=287,-34.314439,150.925196
284,"Sat, 04 Nov 2023 09:45:11 +1100","451, Thredbo Fire Station","1 Friday Drive, Thredbo Village NSW 2625",https://www.fire.nsw.gov.au/page.php?id=9210&station=288,-36.505884,148.304447
285,"Sat, 04 Nov 2023 09:45:11 +1100","500, Tingira Heights Fire Station","70 Violet Town Road, Tingira Heights NSW 2290",https://www.fire.nsw.gov.au/page.php?id=9210&station=289,-32.999919,151.667916
286,"Sat, 04 Nov 2023 09:45:11 +1100","463, Tocumwal Fire Station","64 Deniliquin Street, Tocumwal NSW 2714",https://www.fire.nsw.gov.au/page.php?id=9210&station=290,-35.812351,145.568898
287,"Sat, 04 Nov 2023 09:45:11 +1100","464, Toronto Fire Station","42 Mount Waring Road, Toronto NSW 2283",https://www.fire.nsw.gov.au/page.php?id=9210&station=291,-33.019053,151.585803
288,"Sat, 04 Nov 2023 09:45:11 +1100","470, Toukley Fire Station","302 Main Road, Toukley NSW 2263",https://www.fire.nsw.gov.au/page.php?id=9210&station=292,-33.264142,151.544604
289,"Sat, 04 Nov 2023 09:45:11 +1100","465, Trangie Fire Station","20 Temoin Street, Trangie NSW 2823",https://www.fire.nsw.gov.au/page.php?id=9210&station=293,-32.032404,147.981126
290,"Sat, 04 Nov 2023 09:45:11 +1100","466, Tumbarumba Fire Station","36 Winton Street, Tumbarumba NSW 2653",https://www.fire.nsw.gov.au/page.php?id=9210&station=294,-35.777599,148.011011
291,"Sat, 04 Nov 2023 09:45:11 +1100","467, Tumut Fire Station","146 Wynyard Street, Tumut NSW 2720",https://www.fire.nsw.gov.au/page.php?id=9210&station=295,-35.302416,148.221489
292,"Sat, 04 Nov 2023 09:45:11 +1100","472, Turvey Park Fire Station","75 Fernleigh Road, Turvey Park (Wagga Wagga) NSW 2650",https://www.fire.nsw.gov.au/page.php?id=9210&station=296,-35.132035,147.355273
293,"Sat, 04 Nov 2023 09:45:11 +1100","468, Tweed Heads Fire Station","1 Dry Dock Road, Tweed Heads NSW 2485",https://www.fire.nsw.gov.au/page.php?id=9210&station=297,-28.187367,153.53964
294,"Sat, 04 Nov 2023 09:45:11 +1100","514, Banora Point Fire Station","4/23 Corporation Circuit, Tweed Heads South NSW 2486",https://www.fire.nsw.gov.au/page.php?id=9210&station=298,-28.205199,153.538806
295,"Sat, 04 Nov 2023 09:45:11 +1100","477, Ulladulla Fire Station","46 Nurrawallee, Ulladulla NSW 2539",https://www.fire.nsw.gov.au/page.php?id=9210&station=299,-35.350453,150.4767
296,"Sat, 04 Nov 2023 09:45:11 +1100","340, Umina Fire Station","55-59 Trafalgar Ave, Umina NSW 2256",https://www.fire.nsw.gov.au/page.php?id=9210&station=300,-33.504414,151.324192
297,"Sat, 04 Nov 2023 09:45:11 +1100","474, Unanderra Fire Station","80 Central Road, Unanderra NSW 2526",https://www.fire.nsw.gov.au/page.php?id=9210&station=301,-34.450994,150.843106
298,"Sat, 04 Nov 2023 09:45:11 +1100","475, Uralla Fire Station","28 Salisbury St, Uralla NSW 2358",https://www.fire.nsw.gov.au/page.php?id=9210&station=302,-30.644035,151.500145
299,"Sat, 04 Nov 2023 09:45:11 +1100","476, Urunga Fire Station","36 Bonville Street, Urunga NSW 2455",https://www.fire.nsw.gov.au/page.php?id=9210&station=303,-30.497491,153.020907
300,"Sat, 04 Nov 2023 09:45:11 +1100","480, Wagga Wagga Fire Station","36-38 The Esplanade, Wagga Wagga NSW 2650",https://www.fire.nsw.gov.au/page.php?id=9210&station=304,-35.110458,147.365724
301,"Sat, 04 Nov 2023 09:45:11 +1100","481, Walcha Fire Station","9W Hamilton Street, Walcha NSW 2354",https://www.fire.nsw.gov.au/page.php?id=9210&station=305,-30.983934,151.592509
302,"Sat, 04 Nov 2023 09:45:11 +1100","482, Walgett Fire Station","38 Pitt Street, Walgett NSW 2832",https://www.fire.nsw.gov.au/page.php?id=9210&station=306,-30.022678,148.118136
303,"Sat, 04 Nov 2023 09:45:11 +1100","483, Wallerawang Fire Station","1 Cripps Avenue, Wallerawang NSW 2845",https://www.fire.nsw.gov.au/page.php?id=9210&station=307,-33.411048,150.066917
304,"Sat, 04 Nov 2023 09:45:11 +1100","484, Wallsend Fire Station","15 Summerhill Rd, Wallsend NSW 2287",https://www.fire.nsw.gov.au/page.php?id=9210&station=308,-32.888108,151.656038
305,"Sat, 04 Nov 2023 09:45:11 +1100","485, Wangi Wangi Fire Station","26 Donnelly Road, Arcadia Vale NSW 2283",https://www.fire.nsw.gov.au/page.php?id=9210&station=309,-33.064214,151.578093
306,"Sat, 04 Nov 2023 09:45:11 +1100","487, Warialda Fire Station","19 Geddes Street, Warialda NSW 2402",https://www.fire.nsw.gov.au/page.php?id=9210&station=311,-29.542851,150.572074
307,"Sat, 04 Nov 2023 09:45:11 +1100","489, Warragamba Fire Station","3 Fourth Street, Warragamba NSW 2752",https://www.fire.nsw.gov.au/page.php?id=9210&station=312,-33.890012,150.606036
308,"Sat, 04 Nov 2023 09:45:11 +1100","422, Warrawong Fire Station","48-50 King Street, Warrawong NSW 2502",https://www.fire.nsw.gov.au/page.php?id=9210&station=313,-34.484199,150.8872
309,"Sat, 04 Nov 2023 09:45:11 +1100","491, Warren Fire Station","63 Dubbo Street, Warren NSW 2824",https://www.fire.nsw.gov.au/page.php?id=9210&station=314,-31.697898,147.833784
310,"Sat, 04 Nov 2023 09:45:11 +1100","492, Wauchope Fire Station","22 Young Street, Wauchope NSW 2446",https://www.fire.nsw.gov.au/page.php?id=9210&station=315,-31.455831,152.731132
311,"Sat, 04 Nov 2023 09:45:11 +1100","506, Wee Waa Fire Station","56 Rose Street, Wee Waa NSW 2388",https://www.fire.nsw.gov.au/page.php?id=9210&station=316,-30.226586,149.441241
312,"Sat, 04 Nov 2023 09:45:11 +1100","493, Wellington Fire Station","76 Warne Street, Wellington NSW 2820",https://www.fire.nsw.gov.au/page.php?id=9210&station=317,-32.551355,148.945498
313,"Sat, 04 Nov 2023 09:45:11 +1100","494, Wentworth Fire Station","82 Adams Street, Wentworth NSW 2648",https://www.fire.nsw.gov.au/page.php?id=9210&station=318,-34.105297,141.91693
314,"Sat, 04 Nov 2023 09:45:11 +1100","495, Wentworth Falls Fire Station","3 Cascade Street, Wentworth Falls NSW 2782",https://www.fire.nsw.gov.au/page.php?id=9210&station=319,-33.710229,150.371917
315,"Sat, 04 Nov 2023 09:45:11 +1100","057, Wentworthville Fire Station","6 Garfield Street, Wentworthville NSW 2145",https://www.fire.nsw.gov.au/page.php?id=9210&station=320,-33.808374,150.970007
316,"Sat, 04 Nov 2023 09:45:11 +1100","496, Werris Creek Fire Station","11 Coronation Ave, Werris Creek NSW 2341",https://www.fire.nsw.gov.au/page.php?id=9210&station=321,-31.351724,150.648965
317,"Sat, 04 Nov 2023 09:45:11 +1100","498, Holmesville Fire Station","56 Appletree Rd, Holmesville NSW 2286",https://www.fire.nsw.gov.au/page.php?id=9210&station=323,-32.9172159,151.5808957
318,"Sat, 04 Nov 2023 09:45:11 +1100","499, West Wyalong Fire Station","39 Court Street, West Wyalong NSW 2671",https://www.fire.nsw.gov.au/page.php?id=9210&station=324,-33.924628,147.203473
319,"Sat, 04 Nov 2023 09:45:11 +1100","040, Willoughby Fire Station","53 Laurel Street, Willoughby NSW 2068",https://www.fire.nsw.gov.au/page.php?id=9210&station=326,-33.800407,151.19994
320,"Sat, 04 Nov 2023 09:45:11 +1100","081, Windsor Fire Station","1 Anderson Place, South Windsor NSW 2756",https://www.fire.nsw.gov.au/page.php?id=9210&station=327,-33.6212759,150.8075132
321,"Sat, 04 Nov 2023 09:45:11 +1100","502, Wingham Fire Station","22 Farquhar Street, Wingham NSW 2429",https://www.fire.nsw.gov.au/page.php?id=9210&station=328,-31.870585,152.372387
322,"Sat, 04 Nov 2023 09:45:11 +1100","503, Wollongong Fire Station","32-36 Denison Street, Wollongong NSW 2500",https://www.fire.nsw.gov.au/page.php?id=9210&station=329,-34.424925,150.887562
323,"Sat, 04 Nov 2023 09:45:11 +1100","507, Woolgoolga Fire Station","1867 Solitary Islands Way, Woolgoolga NSW 2456",https://www.fire.nsw.gov.au/page.php?id=9210&station=330,-30.110147,153.189754
324,"Sat, 04 Nov 2023 09:45:11 +1100","011, Woollahra Fire Station","2 Forth Street, Woollahra NSW 2025",https://www.fire.nsw.gov.au/page.php?id=9210&station=331,-33.886538,151.240334
325,"Sat, 04 Nov 2023 09:45:11 +1100","509, Wyoming Fire Station","2 Laycock Street, Wyoming NSW 2250",https://www.fire.nsw.gov.au/page.php?id=9210&station=332,-33.410058,151.350004
326,"Sat, 04 Nov 2023 09:45:11 +1100","505, Wyong Fire Station","5 Hely Street, Wyong NSW 2259",https://www.fire.nsw.gov.au/page.php?id=9210&station=333,-33.282805,151.424604
327,"Sat, 04 Nov 2023 09:45:11 +1100","510, Yamba Fire Station","14 River Street, Yamba NSW 2464",https://www.fire.nsw.gov.au/page.php?id=9210&station=334,-29.438359,153.35918
328,"Sat, 04 Nov 2023 09:45:11 +1100","511, Yass Fire Station","90 Meehan Street, Yass NSW 2582",https://www.fire.nsw.gov.au/page.php?id=9210&station=335,-34.842042,148.911996
329,"Sat, 04 Nov 2023 09:45:11 +1100","512, Yenda Fire Station","5 South Avenue, Yenda NSW 2681",https://www.fire.nsw.gov.au/page.php?id=9210&station=336,-34.250635,146.196251
330,"Sat, 04 Nov 2023 09:45:11 +1100","513, Young Fire Station","34 Lynch Street, Young NSW 2594",https://www.fire.nsw.gov.au/page.php?id=9210&station=337,-34.312987,148.29833
331,"Sat, 04 Nov 2023 09:45:11 +1100","353, Kincumber Fire Station","836 The Scenic Rd, Kincumber NSW 2251",https://www.fire.nsw.gov.au/page.php?id=9210&station=340,-33.4789858990531,151.398848891258
332,"Sat, 04 Nov 2023 09:45:11 +1100","440, Shoalhaven Fire Station","1/34 Norfolk Avenue, Nowra NSW 2541",https://www.fire.nsw.gov.au/page.php?id=9210&station=341,-34.915118,150.579801
333,"Sat, 04 Nov 2023 09:45:11 +1100","448, South Tamworth Fire Station","9-11 The Ringers Road, Hillvue NSW 2340",https://www.fire.nsw.gov.au/page.php?id=9210&station=343,-31.126902,150.922635
334,"Sat, 04 Nov 2023 09:45:11 +1100","095, Oran Park Fire Station","1 Southwell Road, Oran Park NSW 2570",https://www.fire.nsw.gov.au/page.php?id=9210&station=346,-33.995467,150.728583
